pulled_date,project,record,sector,metric,value,unit,period,source_name,source,source_relationship,confidence,notes
2026-06-04,Uniswap,Uniswap V4,Spot,30D DEX Volume,23496292291.0,USD,30D,DefiLlama DEX overview,https://api.llama.fi/overview/dexs?excludeTotalDataChart=true&excludeTotalDataChartBreakdown=true,third_party,high,DEX volume is source-comparable only for DEX records; lending and derivatives volume still need separate source discovery.
2026-06-04,Aerodrome,Aerodrome Slipstream,Spot,30D DEX Volume,16206684898.0,USD,30D,DefiLlama DEX overview,https://api.llama.fi/overview/dexs?excludeTotalDataChart=true&excludeTotalDataChartBreakdown=true,third_party,high,DEX volume is source-comparable only for DEX records; lending and derivatives volume still need separate source discovery.
2026-06-04,Uniswap,Uniswap V3,Spot,30D DEX Volume,14843384894.0,USD,30D,DefiLlama DEX overview,https://api.llama.fi/overview/dexs?excludeTotalDataChart=true&excludeTotalDataChartBreakdown=true,third_party,high,DEX volume is source-comparable only for DEX records; lending and derivatives volume still need separate source discovery.
2026-06-04,Uniswap,Uniswap V2,Spot,30D DEX Volume,453509740.0,USD,30D,DefiLlama DEX overview,https://api.llama.fi/overview/dexs?excludeTotalDataChart=true&excludeTotalDataChartBreakdown=true,third_party,high,DEX volume is source-comparable only for DEX records; lending and derivatives volume still need separate source discovery.
2026-06-04,Aerodrome,Aerodrome V1,Spot,30D DEX Volume,359800025.0,USD,30D,DefiLlama DEX overview,https://api.llama.fi/overview/dexs?excludeTotalDataChart=true&excludeTotalDataChartBreakdown=true,third_party,high,DEX volume is source-comparable only for DEX records; lending and derivatives volume still need separate source discovery.
2026-06-04,Aave,Aave V3,Lending,30D Fees,50172717.0,USD,30D,DefiLlama fees,https://api.llama.fi/summary/fees/aave-v3?dataType=dailyFees,third_party,high,30D Fees from DefiLlama fees endpoint. Methodology should be reviewed before final citation.
2026-06-04,Sky,Sky Lending,Lending,30D Fees,32170448.0,USD,30D,DefiLlama fees,https://api.llama.fi/summary/fees/sky-lending?dataType=dailyFees,third_party,high,30D Fees from DefiLlama fees endpoint. Methodology should be reviewed before final citation.
2026-06-04,Uniswap,Uniswap V4,Spot,30D Fees,29378236.0,USD,30D,DefiLlama fees,https://api.llama.fi/summary/fees/uniswap-v4?dataType=dailyFees,third_party,high,30D Fees from DefiLlama fees endpoint. Methodology should be reviewed before final citation.
2026-06-04,Uniswap,Uniswap V3,Spot,30D Fees,18041664.0,USD,30D,DefiLlama fees,https://api.llama.fi/summary/fees/uniswap-v3?dataType=dailyFees,third_party,high,30D Fees from DefiLlama fees endpoint. Methodology should be reviewed before final citation.
2026-06-04,Morpho,Morpho Blue,Lending,30D Fees,16387798.0,USD,30D,DefiLlama fees,https://api.llama.fi/summary/fees/morpho-blue?dataType=dailyFees,third_party,high,30D Fees from DefiLlama fees endpoint. Methodology should be reviewed before final citation.
2026-06-04,Ethena,Ethena USDe,Asset Management,30D Fees,14668862.0,USD,30D,DefiLlama fees,https://api.llama.fi/summary/fees/ethena-usde?dataType=dailyFees,third_party,high,30D Fees from DefiLlama fees endpoint. Methodology should be reviewed before final citation.
2026-06-04,Aerodrome,Aerodrome V1,Spot,30D Fees,9024266.0,USD,30D,DefiLlama fees,https://api.llama.fi/summary/fees/aerodrome?dataType=dailyFees,third_party,high,30D Fees from DefiLlama fees endpoint. Methodology should be reviewed before final citation.
2026-06-04,Jupiter,Jupiter Perpetual Exchange,Derivatives,30D Fees,7911086.0,USD,30D,DefiLlama fees,https://api.llama.fi/summary/fees/jupiter-perpetual-exchange?dataType=dailyFees,third_party,medium,30D Fees from DefiLlama fees endpoint. Methodology should be reviewed before final citation.
2026-06-04,Aerodrome,Aerodrome Slipstream,Spot,30D Fees,7683880.0,USD,30D,DefiLlama fees,https://api.llama.fi/summary/fees/aerodrome-slipstream?dataType=dailyFees,third_party,high,30D Fees from DefiLlama fees endpoint. Methodology should be reviewed before final citation.
2026-06-04,Ondo,Ondo Yield Assets,Tokenization,30D Fees,3936619.0,USD,30D,DefiLlama fees,https://api.llama.fi/summary/fees/ondo-yield-assets?dataType=dailyFees,third_party,high,30D Fees from DefiLlama fees endpoint. Methodology should be reviewed before final citation.
2026-06-04,Uniswap,Uniswap V2,Spot,30D Fees,1368439.0,USD,30D,DefiLlama fees,https://api.llama.fi/summary/fees/uniswap-v2?dataType=dailyFees,third_party,high,30D Fees from DefiLlama fees endpoint. Methodology should be reviewed before final citation.
2026-06-04,Pendle,Pendle,Derivatives,30D Fees,1215221.0,USD,30D,DefiLlama fees,https://api.llama.fi/summary/fees/pendle?dataType=dailyFees,third_party,high,30D Fees from DefiLlama fees endpoint. Methodology should be reviewed before final citation.
2026-06-04,Hyperliquid,Hyperliquid HLP,Derivatives,30D Fees,548853.0,USD,30D,DefiLlama fees,https://api.llama.fi/summary/fees/hyperliquid-hlp?dataType=dailyFees,third_party,medium,30D Fees from DefiLlama fees endpoint. Methodology should be reviewed before final citation.
2026-06-04,Aave,Aave V4,Lending,30D Fees,82612.0,USD,30D,DefiLlama fees,https://api.llama.fi/summary/fees/aave-v4?dataType=dailyFees,third_party,medium,30D Fees from DefiLlama fees endpoint. Methodology should be reviewed before final citation.
2026-06-04,Sky,Sky Lending,Lending,30D Revenue,14402355.0,USD,30D,DefiLlama fees,https://api.llama.fi/summary/fees/sky-lending?dataType=dailyRevenue,third_party,high,30D Revenue from DefiLlama fees endpoint. Methodology should be reviewed before final citation.
2026-06-04,Aave,Aave V3,Lending,30D Revenue,6219145.0,USD,30D,DefiLlama fees,https://api.llama.fi/summary/fees/aave-v3?dataType=dailyRevenue,third_party,high,30D Revenue from DefiLlama fees endpoint. Methodology should be reviewed before final citation.
2026-06-04,Aerodrome,Aerodrome V1,Spot,30D Revenue,4222564.0,USD,30D,DefiLlama fees,https://api.llama.fi/summary/fees/aerodrome?dataType=dailyRevenue,third_party,high,30D Revenue from DefiLlama fees endpoint. Methodology should be reviewed before final citation.
2026-06-04,Aerodrome,Aerodrome Slipstream,Spot,30D Revenue,3674262.0,USD,30D,DefiLlama fees,https://api.llama.fi/summary/fees/aerodrome-slipstream?dataType=dailyRevenue,third_party,high,30D Revenue from DefiLlama fees endpoint. Methodology should be reviewed before final citation.
2026-06-04,Uniswap,Uniswap V3,Spot,30D Revenue,2856626.0,USD,30D,DefiLlama fees,https://api.llama.fi/summary/fees/uniswap-v3?dataType=dailyRevenue,third_party,high,30D Revenue from DefiLlama fees endpoint. Methodology should be reviewed before final citation.
2026-06-04,Jupiter,Jupiter Perpetual Exchange,Derivatives,30D Revenue,1977771.0,USD,30D,DefiLlama fees,https://api.llama.fi/summary/fees/jupiter-perpetual-exchange?dataType=dailyRevenue,third_party,medium,30D Revenue from DefiLlama fees endpoint. Methodology should be reviewed before final citation.
2026-06-04,Pendle,Pendle,Derivatives,30D Revenue,1195905.0,USD,30D,DefiLlama fees,https://api.llama.fi/summary/fees/pendle?dataType=dailyRevenue,third_party,high,30D Revenue from DefiLlama fees endpoint. Methodology should be reviewed before final citation.
2026-06-04,Ethena,Ethena USDe,Asset Management,30D Revenue,668499.0,USD,30D,DefiLlama fees,https://api.llama.fi/summary/fees/ethena-usde?dataType=dailyRevenue,third_party,high,30D Revenue from DefiLlama fees endpoint. Methodology should be reviewed before final citation.
2026-06-04,Uniswap,Uniswap V2,Spot,30D Revenue,227032.0,USD,30D,DefiLlama fees,https://api.llama.fi/summary/fees/uniswap-v2?dataType=dailyRevenue,third_party,high,30D Revenue from DefiLlama fees endpoint. Methodology should be reviewed before final citation.
2026-06-04,Aave,Aave V4,Lending,30D Revenue,9282.0,USD,30D,DefiLlama fees,https://api.llama.fi/summary/fees/aave-v4?dataType=dailyRevenue,third_party,medium,30D Revenue from DefiLlama fees endpoint. Methodology should be reviewed before final citation.
2026-06-04,Aave,Aave V3,Lending,TVL,11940260171.34,USD,current,DefiLlama protocol,https://api.llama.fi/protocol/aave-v3,third_party,high,Primary Aave MVP lending record.
2026-06-04,Morpho,Morpho Blue,Lending,TVL,6556520437.38,USD,current,DefiLlama protocol,https://api.llama.fi/protocol/morpho-blue,third_party,high,Curator data needs Morpho-native or Dune source.
2026-06-04,Sky,Sky Lending,Lending,TVL,5836740587.79,USD,current,DefiLlama protocol,https://api.llama.fi/protocol/sky-lending,third_party,high,Lending/CDP record; APY and Agent metrics need native source checks.
2026-06-04,Ethena,Ethena USDe,Asset Management,TVL,4509675816.37,USD,current,DefiLlama protocol,https://api.llama.fi/protocol/ethena-usde,third_party,high,USDe-specific record; reserves and APY need native source checks.
2026-06-04,Ondo,Ondo Yield Assets,Tokenization,TVL,2628115388.42,USD,current,DefiLlama protocol,https://api.llama.fi/protocol/ondo-yield-assets,third_party,high,Good tokenized-assets starter record.
2026-06-04,Uniswap,Uniswap V3,Spot,TVL,1477786564.32,USD,current,DefiLlama protocol,https://api.llama.fi/protocol/uniswap-v3,third_party,high,Version-specific record; do not silently blend with V2/V4.
2026-06-04,Pendle,Pendle,Derivatives,TVL,1219664401.55,USD,current,DefiLlama protocol,https://api.llama.fi/protocol/pendle,third_party,high,PT/YT volume and vePENDLE yield require separate source discovery.
2026-06-04,Ondo,Ondo Global Markets,Tokenization,TVL,1107769546.36,USD,current,DefiLlama protocol,https://api.llama.fi/protocol/ondo-global-markets,third_party,medium,Separate Ondo product; confirm MVP scope.
2026-06-04,Ethena,Ethena USDtb,Asset Management,TVL,1012080486.76,USD,current,DefiLlama protocol,https://api.llama.fi/protocol/ethena-usdtb,third_party,medium,Separate Ethena stablecoin product.
2026-06-04,Jupiter,Jupiter Lend,Lending,TVL,871140545.15,USD,current,DefiLlama protocol,https://api.llama.fi/protocol/jupiter-lend,third_party,medium,Separate product record; not aggregator usage.
2026-06-04,Uniswap,Uniswap V2,Spot,TVL,861554671.74,USD,current,DefiLlama protocol,https://api.llama.fi/protocol/uniswap-v2,third_party,high,Version-specific legacy liquidity record.
2026-06-04,Jupiter,Jupiter Perpetual Exchange,Derivatives,TVL,659072706.87,USD,current,DefiLlama protocol,https://api.llama.fi/protocol/jupiter-perpetual-exchange,third_party,medium,Perps product record; derivatives overview access may be restricted.
2026-06-04,Uniswap,Uniswap V4,Spot,TVL,643434194.0,USD,current,DefiLlama protocol,https://api.llama.fi/protocol/uniswap-v4,third_party,high,Version-specific record; aggregation rule needs to stay visible.
2026-06-04,Jupiter,Jupiter Staked SOL,Asset Management,TVL,359553547.67,USD,current,DefiLlama protocol,https://api.llama.fi/protocol/jupiter-staked-sol,third_party,medium,Liquid-staking product record.
2026-06-04,Hyperliquid,Hyperliquid HLP,Derivatives,TVL,348465846.68,USD,current,DefiLlama protocol,https://api.llama.fi/protocol/hyperliquid-hlp,third_party,medium,HLP-specific record; not total Hyperliquid perps activity.
2026-06-04,Aerodrome,Aerodrome Slipstream,Spot,TVL,164228933.28,USD,current,DefiLlama protocol,https://api.llama.fi/protocol/aerodrome-slipstream,third_party,high,Concentrated-liquidity record; keep separate from V1 unless labeled.
2026-06-04,Hyperliquid,Hyperliquid Spot Orderbook,Derivatives,TVL,161154299.44,USD,current,DefiLlama protocol,https://api.llama.fi/protocol/hyperliquid-spot-orderbook,third_party,medium,Spot-orderbook record; keep separate from HLP and perps.
2026-06-04,Sky,Sky Money,Asset Management,TVL,131486849.84,USD,current,DefiLlama protocol,https://api.llama.fi/protocol/sky-money,third_party,medium,Separate Sky money product record.
2026-06-04,Aerodrome,Aerodrome V1,Spot,TVL,117889610.58,USD,current,DefiLlama protocol,https://api.llama.fi/protocol/aerodrome-v1,third_party,high,V1 record; keep version labels.
2026-06-04,Sky,Sky RWA,Tokenization,TVL,93102020.97,USD,current,DefiLlama protocol,https://api.llama.fi/protocol/sky-rwa,third_party,medium,Separate Sky RWA record.
2026-06-04,Aave,Aave V4,Lending,TVL,81378812.83,USD,current,DefiLlama protocol,https://api.llama.fi/protocol/aave-v4,third_party,medium,V4 hub/spoke detail still needs native source discovery.
